importer_name,import_vol_2015,import_val_2015,import_vol_wma_spp_th,import_vol_wma_nonspecific,import_val_wma_spp_th,import_val_wma_nonspecific,ratio_vol,n_spp_imports,n_thr_spp_imports
Afghanistan,0.6399999976,1388.2077922221445,0,0.5244444436444444,0,809.3717494542944,0.819444446267361,0,0
Albania,8771.400375925645,13495283.199850623,90.23925870728888,2268.959644881467,268754.4174109313,4425262.595769386,0.2586770125223048,199,8
Algeria,15363.228913628845,30026634.359431192,328.5577803813111,4376.646671857622,996935.3731532516,5626869.241639988,0.28487804851850274,230,9
Andorra,1033.9348164137778,1819026.0200856426,18.946666768844445,534.4668671356444,45587.64006717004,738956.9728883831,0.5169251084797132,137,5
Angola,63945.664547682594,92519263.3099906,3281.684989398289,31476.391732135176,5117227.694267093,32257660.98008654,0.4922365254123532,236,10
Antigua Barb,706.2294075946222,1641251.2376933647,8.120000128022221,237.65933333100003,23059.32999664249,333845.80553985754,0.3365186025606812,145,6
Argentina,44129.6518527656,66594657.39161984,294.4433695392889,14574.002834038134,717146.828292037,19565494.036576327,0.330254199209704,234,9
Armenia,3116.681254512089,4725826.083660067,104.49128858311111,688.5594090831555,178975.43331678558,1003380.4678094743,0.22092711857727276,127,4
Aruba,744.5755561508668,1506578.4614697099,38.68666630457778,416.3066665260889,100927.1844771702,810007.99400261,0.5591194380301902,87,4
Australia,124226.66438064499,238664074.99843648,2170.0600081558223,58649.37779247903,5131301.143680296,109043961.8586389,0.4721158543931478,169,8
Austria,39054.56226337629,54898440.692289375,497.98286104964444,16668.982499800888,803222.1735323104,20038412.366551563,0.426812682917518,233,8
Azerbaijan,4552.393485274733,4860888.614382121,79.16666625386667,1812.8340277294,136373.79997958528,1889393.4818415274,0.3982155834273181,154,4
Bahamas,2233.7908957700442,5553031.530854388,63.57451867691112,663.6903508749778,153371.3105122609,1255680.2495564765,0.2971139116610048,157,6
Bahrain,10255.720204658179,19472777.435479302,5.481481574355556,8640.762409389445,15752.547269369346,14146830.6140129,0.8425310204411373,122,3
Bangladesh,10315.988824389557,11141164.588221578,0,9822.13548861649,0,10189271.618891515,0.9521273874778271,0,0
Barbados,2250.048746071378,3442078.047069137,34.186222327,1136.6162236144444,90712.61564263966,1431929.8233988937,0.5051518219767438,114,5
Belarus,101593.71902120768,128921479.2329798,2947.0961878636663,18050.60190729362,5056979.419915481,20555185.683525972,0.1776743885468506,194,6
Belgium,245390.27656236215,483097201.0081924,23968.758100544936,81436.16521942813,26489923.09877088,102821802.80666552,0.33186386339449103,292,8
Belize,3625.6970549013777,4321745.004476977,33.20685080088889,3195.0562395265333,88320.68688300236,3320755.701143917,0.8812253729823663,104,3
Benin,29811.735678675912,37216277.36852399,849.4933378104001,14722.5245240388,1900015.3777181155,15079603.251420511,0.493849961730665,187,8
Bermuda,553.5288891905556,1230440.0395973835,20.10666654322222,166.88814842955557,88902.11788032635,254846.3069897383,0.301498533660279,87,5
Bhutan,420.9199996937111,406833.29531247413,0.7822222391111111,387.5733331152444,2138.9586227392983,347780.1516282892,0.9207767114826287,46,1
Bolivia,7210.353335039067,5854193.362885859,0,3795.723710531422,0,3926584.8695686236,0.5264268662238667,0,0
Bosnia Herzg,4531.352450456845,6107873.25023941,156.65025266108887,1200.7020616666223,222436.17580500885,1438941.206294399,0.2649765328992604,183,6
Botswana,907.9755348353557,1705582.2539815234,16.066548252088886,667.7917197110223,35642.63936666513,1048836.6687975223,0.7354732524066453,123,7
Brazil,122401.14464305154,130254429.48540926,968.7755493792222,46202.202251175935,1530258.0020149983,69879899.18034464,0.3774654427122528,266,8
Brunei Darsm,4744.592593723156,7844743.211678486,20.857777481844444,4155.695557282133,37996.472719556936,6736646.845093545,0.8758803785977111,140,4
Bulgaria,15779.930285457756,21576274.19884513,118.46668359913335,7640.199934840422,208130.17584364535,10607757.29714647,0.48417197013103214,251,7
Burkina Faso,16640.02955435729,21985771.754159037,411.83777892300003,9458.279757317467,825390.4525742551,9457572.267849669,0.5684052258693711,73,3
Burundi,231.6789635704222,649986.615892052,2.531111123866667,103.45882269622221,9755.797266464178,417448.40557678905,0.44656114263379976,126,6
Cambodia,2490.7266755540445,2572060.641220717,1.775555566422222,2052.5222262598445,3752.481371159154,2165389.9629884916,0.8240656216536788,103,4
Cameroon,96579.06697165829,109670110.43543953,1916.6000022131777,33943.749026432895,3358593.9347721306,41052849.91104395,0.3514607263331079,222,8
Canada,299942.24264698644,483208448.13885075,7755.4563328611785,87418.574380605,13888745.959441384,124845229.42635289,0.29145135946553313,271,7
Cape Verde,3114.928038296622,7601944.916521495,32.63111180553334,754.1346849095778,90242.40936242364,1081818.9032664443,0.24210340516308407,170,6
Cayman Is,206.18666820540003,630755.4519508105,10.215555619022222,82.92888949182223,27352.954581662365,301404.1716996208,0.40220296595126964,130,7
Cent Afr Rep,1007.5466701057778,1666416.2521695339,28.47777778708889,557.5777790457778,81509.6352054627,763238.2619807576,0.5534014409349794,95,6
Chad,275.41817230184444,330795.7586706197,5.092592708733333,200.4813200842889,30453.436806290272,159246.77450948642,0.7279160935850358,66,4
Chile,136566.47889841572,190577653.91096634,1440.6652817404222,54640.11046447305,2931094.6632428356,91388630.46100284,0.4000989913865819,209,7
China Main,1240274.8927607082,1873444292.067358,14248.353341053933,634959.0905304636,28406452.713186756,949153305.9855723,0.5119502895983956,365,11
Colombia,64735.100876696466,94757693.72473231,538.8666688919556,13794.689191781667,1461682.7028596553,22092320.598119903,0.21309442643886448,204,7
Comoros,136.6688890809111,196786.9141571072,4.477777635977778,83.10444469675555,12244.322145670136,120105.59571966581,0.6080714144647493,49,1
Congo Dem Rep,43180.02214177564,44552903.1319853,199.34444566686668,20884.93656032222,991369.4784300429,20513843.647625998,0.48367127955028405,196,9
Congo Rep,10407.055545164088,10438160.521255177,47.744444141866666,8704.62442326991,87223.16241897158,8632579.296100011,0.83641567833418,205,9
Cook Is.,133.48222215806666,160517.90383926866,0.5488888951333334,104.12814797628889,1000.1883188458536,118762.56608755111,0.7800900096867032,90,4
Costa Rica,18446.209664188376,32743183.144707385,164.52444523404444,7393.414073307999,393303.0680614955,16680453.265307061,0.4008093916259466,177,5
Cote d'Ivoire,204622.91481501583,207858645.76603583,3539.4813684496667,62059.44210648933,7654087.589346074,65565533.78547114,0.3032868638519425,262,7
Croatia,22232.15669978522,32120062.50013355,186.99816876917777,10987.386082113266,570140.2439079246,16800433.913993895,0.4942114357362105,252,9
Cuba,8890.457134045533,13194708.859493278,324.32126953271114,3856.4280585503107,583903.2809516249,4318335.631951065,0.43377162730837815,229,9
CuraÃ§ao,610.3059270458444,1179722.478664811,11.377777924222222,334.7155565196889,32333.06851649988,486728.5806946463,0.5484389741057619,138,6
Cyprus,6859.761961825511,13297439.276155738,168.74297063997776,2831.211385779378,331413.2470076173,4321236.29019322,0.4127273514059283,219,8
Czech Rep,34803.069803526974,49988764.30779467,423.9042397737778,14043.741597384844,695065.037366099,18104288.76776409,0.40352019740401285,223,6
Denmark,725716.85181784,1061208567.0023217,15939.123910626244,254482.7135768257,26942346.14313723,327154123.14458674,0.3506639165665987,333,11
Djibouti,239.02489004615558,340816.6603511182,0.5200000053333333,159.88711184935556,865.6320010607708,160381.6637500868,0.6689140692355572,88,2
Dominica,180.48622276453332,286891.3257786196,2.106666660088889,61.18026720339999,8499.334584226242,78830.87736838954,0.3389747220939808,79,4
Dominican Rp,16665.8179831712,24772849.684163835,212.80296448666667,5511.311833103956,1213678.5468589815,7596565.353816772,0.33069554933752215,211,11
Ecuador,270188.88399649685,332228052.2267833,2185.763260227578,67004.2114984912,6118317.782646079,107115440.70280139,0.24799025965612986,252,10
Egypt,208548.79396306712,250788995.57739273,1455.3822078893777,98378.20998091745,6135356.393339273,118023826.27958776,0.47172754208465817,259,9
El Salvador,15154.065245691645,29048990.082697794,736.7733301693556,7105.157094286244,2113129.55285075,11954660.24139794,0.46886145592558176,218,9
Eq Guinea,2355.1489047317555,2838274.457278248,7.1799999871999995,1569.22001011,21702.87657415898,1439450.4143491138,0.6662933315839448,104,4
Eritrea,27.317037201644442,84805.73060313387,0.051111111711111115,21.382518622888888,77.85199602509849,68446.18554026228,0.7827539445457026,72,4
Estonia,68465.13038921072,96363114.20395504,722.0510098891556,10948.733747597666,1527930.6480887195,15965119.702789295,0.1599169341437938,189,6
Ethiopia,248.53837710593336,416009.611906178,2.3022222367999996,157.69686617546668,7395.355998058106,195478.1799293724,0.6344970463384505,87,6
Faeroe Is,33391.19934780251,41423309.83469322,365.31121872751106,5112.2781319013775,626523.1786590478,6373792.1774695525,0.1531025609069001,184,5
Falkland Is,47214.66869878889,90778078.08634694,1741.1769572519559,6589.357239896045,5463233.869082607,9387791.742573457,0.1395616536448358,171,10
Fiji,75197.7452338546,121594354.91651048,2051.455060763889,18313.33053321902,5492132.52326844,22123508.929869633,0.2435356336319273,181,7
Finland,49200.943399650714,55708111.56768622,638.7028968812666,12877.93186350271,1087392.517572415,16233924.844076613,0.26174156375209123,195,5
Fr Polynesia,1396.8022240605555,2277690.741352167,39.80444454335556,458.78666792291114,69732.65314597156,658070.1599508898,0.3284549952885967,167,4
France,695857.6502265086,1283225933.7739694,11081.316379758222,274693.0147399321,24231647.204236668,359234636.9559432,0.394754609151048,351,12
Gabon,6229.410223400978,7409463.219518497,1342.8163000901557,1845.2179362202887,1553278.0720576372,1850256.867798486,0.29621069572343606,156,7
Gambia,1195.2743243426444,1428610.5777493268,40.58222190191111,659.0179284265555,47124.25480909683,645665.9200119813,0.5513528693833446,158,7
Georgia,9757.127569166332,14637656.018593723,107.21777726768889,5002.911076769133,213483.0417016775,5479547.409069329,0.512744251963961,178,8
Germany,682826.981501086,903079960.7634403,36228.87942096858,171778.4500998246,41746003.10786166,208844100.26797512,0.2515695113895428,327,9
Ghana,165054.0467229309,175696403.07879478,1707.9911105562887,58454.475633328664,3232490.8366019037,66338332.063537546,0.3541535442112102,269,9
Greece,82926.61853239447,154636439.02628657,1948.6199535925555,33382.81478937186,5780360.61071257,43951278.100828104,0.40255849545259337,304,11
Greenland,664.1338151010889,1078186.4656302023,11.499999957644444,170.98151898462223,21123.000530450805,237009.39410365626,0.2574504039650456,112,4
Grenada,199.01777801539998,313017.91311047116,4.048888939511111,69.85999991468888,8229.573692757755,90594.98948212825,0.3510239166135355,93,5
Guatemala,14094.247708698667,20371880.28083039,33.635555103955554,5176.621486898156,98158.3813509141,8256541.992520405,0.3672861151505984,219,9
Guinea,1223.3999945222,1382773.4866160133,2.757777779533333,686.4222186438889,7665.481916076228,797987.1223231,0.5610775067168214,87,3
GuineaBissau,2378.323796487511,3419709.9326280844,40.310459457844445,2039.2746002157555,120543.01914524435,2702565.692961006,0.8574419527011043,78,2
Guyana,628.0530378514889,801932.8185496978,16.626666575222224,330.57674156913333,56073.94046276913,327489.8828075962,0.5263516321806287,101,4
Haiti,6770.174808416377,10640563.47259089,253.70888972533334,832.1333326387777,1655152.5003483493,1336652.3971684624,0.12291164647688371,97,5
Honduras,6305.368219572199,9614241.328901637,90.0622222514,2508.817542282067,302432.93625110266,4116193.4259571685,0.3978859687360626,183,8
Hong Kong,299000.56097323867,517911355.49744993,4017.2510210422,168463.17356471298,11301434.523403112,282657558.4425554,0.5634209280958201,253,8
Hungary,10865.233751685311,16401448.979436077,297.3138284827555,2989.5179134171112,509724.2503893955,3594794.3528468907,0.27514529201485477,220,6
Iceland,57383.3063979726,106769195.1064347,1009.994911907089,20499.749158017225,1702281.9367225803,23950535.723341715,0.35724238362712224,277,8
India,11341.455562999134,13296529.582555944,51.42666706144445,10415.953340444756,129979.5238162579,11211627.19408914,0.9183965217327327,210,8
Indonesia,120715.23762158341,166173538.78466636,236.7666670942,76859.63328945907,548876.2581370297,129084791.36873336,0.636702000541122,206,7
Iran,30646.95338925562,31261306.97899524,160.5399988847778,22085.191145748176,438446.1710807974,19279269.681078866,0.7206325165584297,143,3
Iraq,4042.0844396152443,5710153.697558279,110.94000117408889,2021.9600020697553,303361.4492828533,1782295.798317307,0.5002270566772773,72,1
Ireland,43165.95208461096,110276504.63876656,790.2313930265777,11580.940677999179,1407982.1160513689,19440808.864348013,0.2682887812899159,302,10
Israel,31441.03068790784,48127668.53474077,198.29422330826665,19405.918876402422,478255.9290501146,25322703.66191909,0.6172163714679335,261,8
Italy,536421.1067079923,1023387459.0026482,10822.608916474534,221126.94240941334,25556024.212007057,342576106.479846,0.4122264013182961,353,10
Jamaica,14060.910588561956,17224234.2961736,92.85333356313333,7390.647792100178,268271.21028690913,9103458.79640944,0.5256165840434405,192,9
Japan,1095903.8112258462,1682989224.978848,3131.393344200378,820665.5554304537,8735975.63819373,1138469275.918398,0.7488481626069728,247,9
Jordan,18364.61475297942,22057518.631773733,133.6333346392222,15049.105378075088,414994.29264829785,16740103.00317192,0.8194620785951181,148,5
Kazakhstan,40099.755278395576,40913333.0403163,216.5072886681111,15746.798642283267,460378.90785812173,15370478.15664534,0.3926906419493069,176,5
Kenya,10794.468471405555,16620881.140320044,575.4222218652,4841.725381388956,1206591.147772226,5829960.845069772,0.44853763705129535,232,8
Kiribati,196.24444431931113,217410.73848086462,0.16666667075555558,108.31777806735556,455.74402607237676,134884.5573491903,0.5519533479944569,59,1
Korea D P Rp,18345.8369999034,37193554.10063962,17.57777739248889,12978.015566758313,48065.801050327034,20751358.87025698,0.7074092921912829,67,1
Korea Rep,553388.834078675,827675492.8358401,1909.117069417689,400793.4320880437,3890372.9774639877,618958345.0430455,0.7242528352696453,291,9
Kuwait,9141.427919160687,13392700.108789839,89.90242199271111,6952.296885778065,128750.47539004238,8002451.360687069,0.7605263583827924,129,4
Kyrgyzstan,3132.9424436615777,3715091.029933864,21.4474072354,1189.0410092571778,50235.063877545275,1317568.7889169084,0.3795285201178176,141,4
Laos,2150.6298826303337,2496601.5663853195,5.455555536644444,1606.0962837678003,14999.806800688279,1721679.7258329384,0.7468027375326246,103,6
Latvia,75167.10891363653,115138333.07821988,906.9248362189334,12358.862050398511,1691471.2891276288,22356704.023972984,0.1644184834167064,197,5
Lebanon,14919.982228003955,23835791.022094093,274.77555529315555,9435.553344242644,610853.2779578292,12580975.471707728,0.6324104948685964,184,5
Lesotho,650.6913129113111,791138.9585968205,5.731851915711112,428.79021532222225,16965.99967147757,438278.6224631837,0.6589763945114573,79,3
Liberia,4232.355556683622,4886682.605632934,66.62222240053333,1590.8822239392,222124.50138063933,1817204.4357529753,0.3758857691969952,143,6
Libya,23920.6977830918,40696382.41771705,26.66444484237778,7020.631142056155,73633.54259032052,8552590.388227414,0.29349608467603505,136,3
Lithuania,123310.71091845185,119682232.53538533,616.8474295265555,26913.03463849827,992941.0933443088,26493586.847805917,0.21825382757136536,244,7
Luxembourg,6941.102627671177,19761858.591225024,190.62003880726664,1788.2244063008886,308299.9368316282,2835545.1207926576,0.2576282908095913,203,7
Macau,8990.859000749222,15324470.574692892,37.033333440688885,8010.281001278245,164371.99741088672,13196224.89230755,0.8909361164056444,209,7
Macedonia,2504.967454728489,4842158.717972081,41.637333334311116,1546.7098682947558,122264.1436865543,2241032.5864888076,0.617457071298518,159,6
Madagascar,11200.754681405955,16886912.19294199,149.1983702544889,5067.1609459922665,376023.2207610929,6569526.458105693,0.45239460108916696,208,9
Malawi,192.88226700917778,318195.81835697213,3.1933333992444446,102.13208147975556,5384.136306898924,158377.88325162392,0.5295047754436434,115,6
Malaysia,237573.72069580606,372056867.22257364,427.7094855505334,196545.4737816998,1065781.1603567172,245644980.51183426,0.8273030923035481,225,6
Maldives,1495.2626283303778,2446654.546673173,9.633333274511111,1197.3568130544888,15365.225950546777,1776989.0736234102,0.8007668956399098,115,4
Mali,11885.650526112668,15084285.88594839,98.70992717102222,8443.72637989789,286043.72859333793,8144994.174060332,0.710413482320307,162,5
Malta,11480.401347169245,12045608.300204685,118.95825384328889,3860.5623583680217,326680.9656799636,4682512.8756029215,0.3362741633871477,201,8
Marshall Is,1270.5357032353334,1231970.5420009228,1.7288888917333332,1042.2801742897777,4727.584588918745,969798.1686261258,0.8203470171170174,76,1
Mauritania,2719.0372462441333,2408254.09289734,4.704444428822223,1615.0997703795333,13014.552342451256,1472449.6114453406,0.5939969276296257,119,4
Mauritius,161965.68302024063,272018898.6522994,7725.609130169489,61176.7105632262,20060353.20521895,82733926.7800007,0.37771402819683125,297,10
Mayotte,420.4066663964667,611672.0918815233,1.464444423711111,202.57777871702226,4723.72857387071,261761.4492375904,0.48186148058361244,108,5
Mexico,93543.76886308091,145703210.61264592,1059.7622222987777,49391.00441151352,2519699.7089514267,70730884.469988,0.527998871670508,260,10
Micronesia,1485.9441481368444,1895225.5786709974,42.97999993253333,779.6095392161334,117568.49704107986,836132.0050119647,0.5246560176529173,78,2
Moldova Rep,10337.345740849465,10818228.029038606,98.02151149288889,5245.574017493777,202735.089681249,5187853.960877622,0.5074391578841326,185,6
Mongolia,667.3026675806667,966084.3174991155,5.0718518821777785,350.63515607584446,17305.19101573623,502219.7909753556,0.5254514527074898,118,6
Montenegro,995.5266665712888,1575039.9481517423,0.23111111075555554,762.6133327972221,1843.719249473376,1348937.915599171,0.7660400855195093,99,3
Montserrat,9.733333476755556,17341.505893658745,0.33777778273333336,4.391111176311111,680.0647243569531,5326.565620927106,0.45114155256240274,59,3
Morocco,38739.40680288407,92690843.07722662,205.53754855746666,25920.52353721287,559777.4017353685,63762864.76569133,0.6690996501083011,258,10
Mozambique,20109.953441728845,20795331.737558715,152.44222422831112,19017.31979630671,271038.31198756024,18536360.140368752,0.9456670226219976,186,9
Myanmar,14839.692421171643,18748773.09046055,0.7629629776222223,14010.533124050377,1513.326370552614,17046802.67931657,0.9441255739277781,111,2
Namibia,218030.399722418,482221810.3383843,2390.0662586250887,103713.9395445618,7565720.102454089,176535379.58736783,0.4756856827149039,300,11
Nepal,2264.229551681711,3870437.382480393,43.38302257706667,1255.131272365111,122595.4713144256,1675661.897702924,0.5543303996862365,151,4
NethAntilles,315.0925946747778,487388.4080600208,4.7377778642,236.89926093202223,14111.518485347679,343598.6407764151,0.7518401413925242,127,4
Netherlands,801166.0857870161,1206677542.9765842,15556.237964780688,280483.2570691493,21052541.952830404,399587906.07674885,0.3500937721216942,341,10
New Caledonia,1603.0355542973334,3742425.7444061446,66.75054066177778,546.9420311645556,181414.0240267031,723766.5399638544,0.3411914537380922,122,5
New Zealand,101935.67135365444,231128028.50003278,14050.881112922756,63059.701491794134,24675005.413658094,76986155.50789459,0.618622516086793,256,8
Nicaragua,7818.952699743865,12651269.598514123,29.479999904222222,2813.389302291511,70960.16688813902,4535453.769198602,0.3598166417330639,189,6
Niger,2571.9582790395334,3900840.6990887504,32.3408142034,1391.792203836,92159.32230676849,1703736.7219713966,0.541141050062347,132,4
Nigeria,620450.1969000913,702396289.6429064,29390.511806843842,284345.709755787,36011732.91624795,317295881.9058247,0.45828933760750196,308,11
Norway,449975.4883199547,471957978.1369884,2255.9807014880444,236748.78366380796,4118477.7119438965,248125701.83763254,0.5261370670383448,293,9
Oman,40863.342734587444,69444049.12296744,10.40592600977778,36354.26966306122,30227.499068668447,51948186.78497566,0.889654816033695,137,3
Pakistan,1284.026346689889,2298819.399094403,0.2288888954888889,1251.7959987730444,625.888465165064,2198626.6001172685,0.9748989979840121,82,1
Palau,247.81111243962224,349638.5792361075,8.391111005444445,137.21703781582224,23263.011430052196,180505.6367919363,0.5537162416364778,80,3
Palestine,336.2623559193111,453631.01811068,0,312.19450398146665,0,383936.6460448963,0.9284253752637724,0,0
Panama,41282.32261762982,81903094.44380118,454.0010009186444,21942.0082228274,1256069.079710815,35512210.56143177,0.5315109914251035,210,7
Papua N Guin,12191.696907028245,18080088.38542521,64.47333309442223,4725.760178751067,151095.87986311904,5242396.407733152,0.38762119947607704,112,3
Paraguay,1003.321482665,1233512.968355784,9.842222235200001,497.1948153880889,24681.450705477113,585859.2448498373,0.495548858445103,136,5
Peru,81046.98062766115,105648811.44150478,2480.8447137884,31687.328161367444,4907012.164460335,39857012.61651228,0.3909748138174642,255,9
Philippines,174431.32269051502,193826471.30685908,819.3333372357333,98970.91986140181,2118829.7678544307,108574667.13395043,0.567391901493524,280,8
Poland,306079.82168288535,379439971.6553794,2714.871063635667,129304.2299005193,4306714.0269090915,180225376.3576169,0.42245264385473025,263,7
Portugal,269706.3825581696,507701938.8128112,6214.145802420156,95874.51586462201,17377368.92568598,156757302.47176364,0.35547737118881134,325,11
Qatar,11919.431791420133,17607941.15022239,53.62148107464444,8259.0804993982,136358.33085796007,9424511.569879679,0.692908910753889,134,4
Reunion,1.0666666984000002,2372.550639110579,0,1.0666666984000002,0,2372.550639110579,1,0,0
Romania,37953.105736252466,51045060.83596869,527.2662639134667,8377.570876094045,901353.3137211262,10372768.60789772,0.22073479135837532,261,9
Russian Fed,531292.1273679555,603625285.1910635,1281.9460511555112,306381.918916404,2253060.5860861735,348476913.6527048,0.5766731768344348,244,8
Rwanda,654.1932413184,1151301.4019384892,10.899726027777778,265.45432134055557,31958.892694661725,333785.6288976433,0.4057735613495237,102,4
Samoa,2412.4622184389113,2980577.119066434,38.49333293137778,1367.0733360107556,112029.7693637435,1639800.1845775207,0.566671397198245,151,5
Sao Tome Prn,15.30444457997778,30432.451890025593,1.2177777946666666,6.155555599911112,3242.1725465364193,8589.118461038346,0.4022070561099741,55,3
Saudi Arabia,89632.01881795489,126923759.46365942,234.6333338256,68408.48802901623,567793.3028630833,85087224.76894435,0.7632148525847193,179,6
Senegal,29920.459932001068,40268626.96919668,248.04050638475556,26749.3735488294,678055.320310263,34221226.19910853,0.8940161217314688,153,5
Serbia,15302.314220007422,22326722.541350164,819.1451192086223,3699.297662228156,1382541.852297304,5141480.132494206,0.24174759510502075,182,6
Seychelles,40440.12921717986,56416958.031951465,1083.8400063783336,26041.673826155733,2961871.555648517,29535324.687655676,0.6439562466851034,216,7
Sierra Leone,668.3688915838,991248.0764238428,0.9400000086444444,458.0177803087555,2609.441802422625,711517.7365348301,0.6852769272720248,104,3
Singapore,116973.1319376837,198059175.7687194,553.7543667012445,90036.62970667091,1503006.9121132966,129207272.1888263,0.7697206034855684,218,5
Slovakia,12026.991666358466,16155768.391783684,451.5335468733111,3435.816014189111,760773.6532917575,3852081.9945043246,0.285675429858297,220,5
Slovenia,11408.6971308334,16594999.562352048,351.26700787646666,3557.0900047809996,793366.0040351185,4576492.724847639,0.3117875743381362,227,6
Solomon Is.,679.6109172562667,916339.3807139803,28.268889078266668,406.5297318827778,78184.47871019096,412930.08917907864,0.598180108000655,69,3
Somalia,1231.2503719149777,1641072.7475286005,6.3133334178444445,813.8614792510222,17600.32506753588,1037843.4123255988,0.6610040474426124,78,4
South Africa,107234.53794493138,194721251.08446506,2176.286671260578,73574.87882392426,4606942.54117467,119439280.87181424,0.6861117717661774,310,10
Spain,1075003.8257393697,1769332346.59007,23920.2688683768,531341.2105939419,57742344.08645269,828368725.8832768,0.49426913455726,368,11
Sri Lanka,43788.9590534046,52557654.0241821,177.47718463604443,28839.025423926447,589310.3469678311,24279437.112031586,0.658591253305534,172,7
St Helena,265.14222839057777,293197.6478433459,0.6474074204,25.439748300711113,1215.8882107908291,93903.39078516807,0.09594755409250061,77,3
St Kitts Nev,388.0603191414222,812790.7845950151,13.040000121977778,174.31504480922223,24588.782417936054,318458.6492062967,0.44919574666869244,120,4
St Lucia,487.5986659166222,1111731.8682395855,18.326666622066668,176.46622259417776,38807.17582826643,281614.55640186596,0.36190874776583765,94,4
St Pier Mq,121.2155025484,286733.06835879147,1.2935481532,22.49399265891111,3370.96625826538,28632.30989944714,0.18557026276345726,113,6
St Vincent,168.17600101846665,249744.4331819911,3.0266667057555554,117.66634149842221,6949.304846383867,159078.60215886997,0.6996619064898671,101,4
Sudan,1178.3072062633555,1652683.6640971184,9.80888896231111,577.3027642088223,26456.30884059108,734573.9941636953,0.4899424879523254,126,3
Suriname,1472.5745896242445,1739824.494545661,116.27837885108889,661.6717724521778,128682.95827462828,791397.3548974837,0.4493298859795048,120,4
Swaziland,415.3943340832222,842166.4741026489,3.888651905577778,286.34623740897774,13104.782554212064,533155.2268378056,0.6893359247206527,119,5
Sweden,687413.4395112261,967361477.8904059,11442.4966089794,231138.11693819662,19099108.39558051,296888798.92004013,0.33624323246072046,347,10
Switzerland,38251.895688941026,67550156.02643715,837.9740420136889,15181.683852637621,2053452.7942288104,22679822.076224357,0.3968870974681337,251,7
Syria,7344.453339069888,9070695.48496197,39.09999971217778,5304.957781686444,69234.88486794595,6066676.879111836,0.7223080516375465,146,6
Taiwan,355709.4013855401,641320122.9558338,5873.597972934423,182621.0997611786,12055995.51448432,274880082.4361465,0.513399699445229,337,9
Tajikistan,365.6533337852667,746304.5292356347,5.3688889628,214.5222225958,14202.863025940796,310188.0855969524,0.5866819820157313,83,5
Tanzania,6434.888142149755,8319266.134145078,118.98222216151112,3661.234961051489,164606.33562818775,4613185.023415063,0.5689663720911783,218,8
Thailand,1006910.1334691785,1424360109.7945933,13271.167962598376,453023.3729489546,36559846.868106596,635102293.9469403,0.4499144043650859,359,12
Timor Leste,636.9177778251556,1248514.2998990777,9.96666685551111,329.15333438242226,25157.667555475004,650561.7162080959,0.5167909357254278,113,4
Togo,13474.120724116201,16696813.658673918,92.85333443975556,9442.078212490178,305775.58614630584,10158100.391287548,0.7007565395781702,166,7
Tonga,412.12056318202224,872752.3156381642,29.32888900337778,157.91736319682224,53116.769307151655,338943.5294491375,0.3831824405400381,126,5
Trinidad Tob,6514.219713053555,8958724.459091377,142.44888765371113,3478.9579338534,391164.44894527784,4122446.7354173865,0.5340559709526025,135,5
Tunisia,23151.765418853935,39112239.94190612,426.3244444808,8176.118126886023,1798188.8215563013,10747887.913733719,0.3531531172230908,230,9
Turkey,70797.80835099838,93861433.69146499,5117.599632005889,16108.631346489088,6482632.035335505,17918591.167292003,0.22753008492334106,264,9
Turkmenistan,449.3966237843778,531656.3817753016,9.9517037178,201.173867701,10695.29703122088,218429.5528444446,0.44765326896964847,83,3
Turks Caicos,988.8752738657778,2244348.5267415424,43.079259368777784,403.8038735569778,75150.62077796596,637203.7364249098,0.4083466178483769,99,5
Tuvalu,25.866666633355557,40278.88087553212,0.03555555608888889,21.642222178511112,97.22539130189168,32967.98243511222,0.8366838481848703,45,1
Uganda,2150.202787931489,3979730.434910687,41.06431847213333,1417.0145662728,57582.52248402092,1872991.595784747,0.6590143842367437,191,6
UK,455226.0952263856,808077568.197505,39776.78896406822,127985.01046009798,52618847.193395995,161585733.89990985,0.28114603227315116,338,10
Ukraine,217725.97723972937,239330122.0870955,4566.081980811422,43077.761795699735,8001960.050282633,53571635.95056961,0.19785311032623606,228,7
Untd Arab Em,121311.53928289564,195793104.65498838,1528.8432610352222,71525.27771598562,4205954.881314631,88982280.37001215,0.5895999518165405,134,3
Uruguay,45729.58372669005,107211853.54406968,494.2467418090222,25181.13084192569,1181889.23370925,54499463.215734504,0.5506529644447372,243,8
USA,1089830.8567579314,2443443135.7819767,15843.530655482422,548622.5511616429,51366508.9073222,901989189.7835861,0.5034015579203779,347,12
Uzbekistan,1626.8321492855778,2419716.4066717788,35.97333341688889,634.0357579079555,155899.33653314886,741732.0111569943,0.3897364323580597,91,4
Vanuatu,4602.190111826199,8798493.395795492,0.19111111086666668,3155.3869170636444,522.5864697404461,4618683.813571976,0.6856272427675858,78,1
Venezuela,34899.708695715024,57549120.447605856,215.43306598542222,8721.946266692823,598229.0005469061,12612483.90499234,0.24991458647228482,213,9
Viet Nam,124769.98294345745,173226383.92409846,628.4613787669999,68297.44152947904,1377446.616412451,81878342.63191715,0.5473867986375351,253,8
Yemen,47172.73652578602,62162431.15176563,75.58221495606668,40996.97062512391,213866.76715660596,50094335.68803788,0.8690818817075356,102,3
Zambia,14459.081966961267,16173358.827440687,112.01066923815557,7894.5974104113775,290221.4879261401,7980561.729556514,0.5459957574381545,167,7
Zimbabwe,7294.365612201956,8876246.923493156,37.91668192491111,4636.4285281069115,130343.23006541267,4776594.277044037,0.6356177870151082,144,6
